Country Name,Confirmed Values,Deaths
Afghanistan,209451,7896
Albania,334457,3598
Algeria,271496,6881
Andorra,47890,165
Angola,105288,1933
Antarctica,11,0
Antigua and Barbuda,9106,146
Argentina,10044957,130472
Armenia,447308,8727
Australia,232974,228
Australia,3915992,6529
Australia,105111,91
Australia,1800236,2783
Australia,883620,1365
Australia,287507,256
Australia,2880559,7370
Australia,1293461,952
Austria,5961143,21970
Azerbaijan,828825,10138
Bahamas,37491,833
Bahrain,710693,1553
Bangladesh,2037871,29445
Barbados,106798,579
Belarus,994037,7118
Belgium,766206,0
Belgium,505467,0
Belgium,645338,0
Belgium,464722,0
Belgium,519111,0
Belgium,419029,0
Belgium,351474,0
Belgium,122942,0
Belgium,202905,0
Belgium,63364,33814
Belgium,173827,0
Belgium,504980,0
Belize,70757,688
Benin,27999,163
Bhutan,62627,21
Bolivia,1194277,22365
Bosnia and Herzegovina,401729,16280
Botswana,329758,2801
Brazil,160433,2043
Brazil,337535,7242
Brazil,185668,2167
Brazil,631976,14443
Brazil,1792572,31459
Brazil,1453572,28157
Brazil,897897,11844
Brazil,1323318,15041
Brazil,1898605,28036
Brazil,493391,11053
Brazil,878360,15087
Brazil,607356,11010
Brazil,4189760,65507
Brazil,871612,19021
Brazil,707743,10542
Brazil,2918459,46018
Brazil,1156640,22686
Brazil,424866,8354
Brazil,585935,8715
Brazil,2961756,41919
Brazil,2752662,76844
Brazil,482910,7432
Brazil,182485,2180
Brazil,1985888,22703
Brazil,6469442,179039
Brazil,359674,6502
Brazil,365538,4232
Brunei,279661,225
Bulgaria,1297523,38228
Burkina Faso,22056,396
Burma,633950,19490
Burundi,53631,38
Cabo Verde,63244,413
Cambodia,138719,3056
Cameroon,124392,1965
Canada,629269,5622
Canada,396817,5249
Canada,0,1
Canada,13,0
Canada,154712,2464
Canada,88866,834
Canada,54757,318
Canada,11511,22
Canada,140793,794
Canada,3531,7
Canada,1601325,16234
Canada,56523,93
Canada,1320325,18160
Canada,13,0
Canada,153651,1890
Canada,4989,32
Central African Republic,15368,113
Chad,7679,194
Chile,183811,1961
Chile,293632,2922
Chile,79718,900
Chile,116955,718
Chile,36352,222
Chile,510730,4824
Chile,211158,1951
Chile,243060,2577
Chile,148252,1411
Chile,67653,774
Chile,346804,3354
Chile,1967389,30869
Chile,158355,1333
Chile,221916,2821
Chile,113542,1173
Chile,42,2
Chile,492917,6461
China,2275,7
China,40774,20
China,14715,11
China,17122,2
China,1742,2
China,103248,10
China,13371,2
China,2534,2
China,10483,6
China,3292,7
China,6603,18
China,9948,23
China,2876106,13467
China,72131,4515
China,7437,4
China,8847,1
China,5075,0
China,3423,2
China,40764,5
China,3547,2
China,3514,121
China,1276,0
China,782,0
China,7326,5
China,5880,10
China,67040,595
China,7167,1
China,14567,12
China,4392,3
China,1647,0
China,1521816,82195
China,3089,3
China,9743,4
China,11848,1
Colombia,7851,265
Colombia,950809,18617
Colombia,17130,569
Colombia,417897,10230
Colombia,203497,3276
Colombia,130254,2903
Colombia,119792,2580
Colombia,1874877,30051
Colombia,25704,1041
Colombia,43079,1029
Colombia,76788,1854
Colombia,109404,2694
Colombia,18891,430
Colombia,122594,3961
Colombia,330221,7398
Colombia,2795,37
Colombia,5683,105
Colombia,103346,3593
Colombia,58097,1548
Colombia,117751,3655
Colombia,107879,2609
Colombia,108552,3418
Colombia,125260,5192
Colombia,21998,791
Colombia,73182,2086
Colombia,110026,2514
Colombia,10375,157
Colombia,295934,8382
Colombia,67157,1747
Colombia,127417,4092
Colombia,0,0
Colombia,569412,15428
Colombia,1964,22
Colombia,3477,65
Comoros,9008,161
Congo (Brazzaville),25087,388
Congo (Kinshasa),95749,1464
Costa Rica,1209725,9245
Cote d'Ivoire,88263,834
Croatia,1269326,17987
Cuba,1112643,8530
Cyprus,650685,1330
Czechia,4618256,42491
Denmark,34658,28
Denmark,11971,21
Denmark,3404407,8296
Diamond Princess,712,13
Djibouti,15690,189
Dominica,15760,74
Dominican Republic,660790,4384
Ecuador,1057121,36014
Egypt,515759,24812
El Salvador,201785,4230
Equatorial Guinea,17229,183
Eritrea,10189,103
Estonia,615433,2946
Eswatini,74267,1425
Ethiopia,500116,7572
Fiji,68898,883
Finland,1463644,8967
France,98041,413
France,78055,649
France,201886,1010
France,229020,1092
France,42004,187
France,80017,314
France,494595,921
France,5441,6
France,3452,2
France,12271,63
France,3427,7
France,38618509,161512
Gabon,48981,306
Gambia,12598,372
Georgia,1827537,16971
Germany,5063979,19297
Germany,6741523,28680
Germany,1430661,5564
Germany,1113946,6506
Germany,303612,968
Germany,807013,3614
Germany,2928587,12436
Germany,711570,2770
Germany,3860773,13718
Germany,8048396,31400
Germany,1769913,6971
Germany,492792,2132
Germany,1955828,16814
Germany,961147,6286
Germany,1175406,3481
Germany,883914,8298
Germany,0,0
Ghana,171229,1462
Greece,5548487,34779
Grenada,19680,238
Guatemala,1238247,20182
Guinea,38267,467
Guinea-Bissau,8960,176
Guyana,73075,1298
Haiti,34202,860
Holy See,29,0
Honduras,472250,11111
Hungary,2196804,48762
Iceland,209137,263
India,10751,129
India,2339096,14733
India,66891,296
India,746100,8035
India,851427,12303
India,99370,1182
India,1177804,14146
India,11591,4
India,2007605,26523
India,259167,4013
India,1277848,11046
India,1056770,10714
India,312820,4213
India,479513,4785
India,442579,5331
India,4074536,40312
India,6831358,71589
India,29425,231
India,11415,52
India,1054978,10777
India,8138129,148424
India,139924,2149
India,96788,1625
India,238969,726
India,35988,782
India,1336717,9205
India,175872,1975
India,785724,19289
India,1315637,9656
India,44325,500
India,3595123,38049
India,841897,4111
India,108034,940
India,0,0
India,2128222,23648
India,449488,7753
India,2118857,21533
Indonesia,6738225,160941
Iran,7572311,144933
Iraq,2465545,25375
Ireland,1704502,8708
Israel,4803824,12329
Italy,651674,3931
Italy,199646,1021
Italy,631613,3347
Italy,2444797,11791
Italy,2136671,19283
Italy,575033,5998
Italy,2385069,12787
Italy,661284,5880
Italy,4118413,45558
Italy,714100,4399
Italy,101826,719
Italy,293808,1610
Italy,243951,1647
Italy,1719738,13828
Italy,1626850,9646
Italy,509829,2923
Italy,1817733,12692
Italy,1589964,11574
Italy,438301,2449
Italy,50448,567
Italy,2692762,16672
Jamaica,154416,3514
Japan,2100094,4285
Japan,199130,588
Japan,277922,640
Japan,1456535,3874
Japan,314430,683
Japan,198871,196
Japan,1579850,3164
Japan,401096,826
Japan,538509,1102
Japan,437760,1077
Japan,796053,1346
Japan,1333535,4532
Japan,1461481,3796
Japan,634322,1279
Japan,277113,501
Japan,233500,609
Japan,251256,613
Japan,439610,877
Japan,2207465,4249
Japan,168352,584
Japan,532492,1292
Japan,674377,1645
Japan,457736,1038
Japan,534019,938
Japan,318969,773
Japan,454729,861
Japan,335188,635
Japan,344394,855
Japan,452535,431
Japan,301877,762
Japan,488838,838
Japan,576111,926
Japan,2818795,8401
Japan,22118,8
Japan,260131,489
Japan,1790744,3892
Japan,372032,669
Japan,166928,296
Japan,862305,1375
Japan,419841,1058
Japan,165538,411
Japan,4323708,7998
Japan,140744,260
Japan,235567,312
Japan,173,0
Japan,237568,516
Japan,224910,355
Japan,311938,741
Japan,189249,401
Jordan,1746997,14122
Kazakhstan,1498668,19071
Kenya,342937,5688
Kiribati,5014,18
"Korea, North",1,6
"Korea, South",30615522,34093
Kosovo,273312,3211
Kuwait,663860,2570
Kyrgyzstan,206708,2991
Laos,218023,758
Latvia,976255,6269
Lebanon,1232828,10841
Lesotho,34790,723
Liberia,8090,295
Libya,507187,6437
Liechtenstein,21432,89
Lithuania,1307448,9596
Luxembourg,317367,1220
MS Zaandam,9,2
Madagascar,67889,1423
Malawi,88707,2686
Malaysia,398660,4715
Malaysia,318825,2740
Malaysia,260181,1424
Malaysia,145426,1203
Malaysia,231174,1537
Malaysia,182784,1032
Malaysia,239281,2125
Malaysia,19014,198
Malaysia,307725,2064
Malaysia,406937,3202
Malaysia,324659,1788
Malaysia,1551065,10985
Malaysia,133075,899
Malaysia,0,0
Malaysia,470285,2865
Malaysia,22981,158
Malaysia,32646,32
Maldives,185738,311
Mali,33062,743
Malta,117610,828
Marshall Islands,15649,17
Mauritania,63668,997
Mauritius,296042,1044
Mexico,90837,3630
Mexico,175704,12508
Mexico,128552,2780
Mexico,44242,2298
Mexico,57462,2453
Mexico,172643,10239
Mexico,1858660,44044
Mexico,187173,9039
Mexico,70936,2255
Mexico,81548,3696
Mexico,368546,15219
Mexico,119037,6879
Mexico,127406,8647
Mexico,296024,20146
Mexico,743439,48238
Mexico,115872,9037
Mexico,99708,5461
Mexico,76268,3274
Mexico,422027,15503
Mexico,157238,6404
Mexico,221279,16748
Mexico,185519,6426
Mexico,120075,4459
Mexico,252685,7666
Mexico,182235,9972
Mexico,201304,10349
Mexico,221468,6182
Mexico,183092,8329
Mexico,60467,3142
Mexico,0,0
Mexico,235708,17162
Mexico,142925,7010
Mexico,83365,3993
Micronesia,23948,61
Moldova,611140,12003
Monaco,16121,67
Mongolia,1007900,2136
Montenegro,288808,2808
Morocco,1272490,16296
Mozambique,233214,2242
Namibia,171156,4090
Nauru,5247,1
Nepal,1001154,12020
Netherlands,44044,282
Netherlands,11804,41
Netherlands,45986,301
Netherlands,216395,464
Netherlands,195741,341
Netherlands,292969,624
Netherlands,1053625,2952
Netherlands,263961,368
Netherlands,566571,2209
Netherlands,1305321,3783
Netherlands,1414184,3508
Netherlands,599261,1459
Netherlands,11020,91
Netherlands,0,2
Netherlands,708169,1581
Netherlands,180656,402
Netherlands,1803128,5299
New Zealand,7031,2
New Zealand,792,0
New Zealand,2228291,2548
Nicaragua,15655,245
Niger,9508,315
Nigeria,266598,3155
North Macedonia,346852,9662
Norway,1479506,5213
Oman,399449,4628
Pakistan,44343,793
Pakistan,36047,378
Pakistan,12095,191
Pakistan,139844,1031
Pakistan,225115,6376
Pakistan,524161,13618
Pakistan,595806,8257
Palau,5991,9
Panama,1031731,8609
Papua New Guinea,46825,670
Paraguay,808401,19878
Peru,51138,1409
Peru,159243,7382
Peru,46163,1694
Peru,291043,10600
Peru,55696,2407
Peru,111937,4605
Peru,170402,10884
Peru,146229,5287
Peru,30172,1300
Peru,60660,2976
Peru,130224,9114
Peru,155282,7614
Peru,181814,11027
Peru,129893,9486
Peru,2110001,96723
Peru,64716,4471
Peru,21303,888
Peru,64321,1718
Peru,29033,1140
Peru,181347,13228
Peru,78232,4843
Peru,70196,3239
Peru,66032,2256
Peru,33866,1752
Peru,45826,3301
Peru,2784,195
Philippines,4077452,66188
Poland,6444960,119010
Portugal,5570473,26266
Qatar,495090,688
Romania,3346046,67736
Russia,54892,1029
Russia,320691,8861
Russia,40254,631
Russia,129144,766
Russia,277116,1795
Russia,134664,3121
Russia,356814,6020
Russia,168582,2336
Russia,188152,4146
Russia,155600,3124
Russia,47057,1076
Russia,404282,8277
Russia,7457,45
Russia,110947,4716
Russia,103374,3631
Russia,43591,553
Russia,364565,8711
Russia,134774,3247
Russia,22510,562
Russia,74999,1935
Russia,201778,2080
Russia,60000,843
Russia,125656,1454
Russia,45835,629
Russia,51990,991
Russia,166710,1526
Russia,218261,2917
Russia,229418,1565
Russia,104162,2428
Russia,263154,2608
Russia,167182,1101
Russia,195725,3264
Russia,103604,1480
Russia,351663,11159
Russia,432528,11285
Russia,126942,1552
Russia,152631,2540
Russia,248849,3510
Russia,180099,3959
Russia,22734,395
Russia,52514,1087
Russia,86196,1396
Russia,3439248,48306
Russia,1142918,15476
Russia,147748,3412
Russia,8423,104
Russia,512578,11843
Russia,46439,1280
Russia,118176,1071
Russia,314863,5758
Russia,237613,4623
Russia,137045,1981
Russia,243942,4030
Russia,227708,6235
Russia,464121,9262
Russia,214604,1966
Russia,127429,1965
Russia,446218,11081
Russia,152902,3499
Russia,1889985,37204
Russia,220267,2142
Russia,70212,834
Russia,519743,8235
Russia,313794,6001
Russia,147340,3196
Russia,252978,7128
Russia,582157,10936
Russia,140923,2530
Russia,199811,2010
Russia,163415,983
Russia,191150,5366
Russia,186301,2772
Russia,265894,4371
Russia,54106,358
Russia,241017,3977
Russia,229351,4820
Russia,181641,3607
Russia,269046,6915
Russia,222415,3894
Russia,484179,8621
Russia,154098,1060
Russia,193517,2896
Russia,193447,2379
Rwanda,133194,1468
Saint Kitts and Nevis,6597,47
Saint Lucia,30004,409
Saint Vincent and the Grenadines,9589,123
Samoa,16607,29
San Marino,23616,122
Sao Tome and Principe,6281,77
Saudi Arabia,830127,9618
Senegal,88926,1971
Serbia,2500142,17881
Seychelles,50665,172
Sierra Leone,7760,126
Singapore,2235294,1722
Slovakia,2667551,21035
Slovenia,1331707,7078
Solomon Islands,24575,153
Somalia,27324,1361
South Africa,4067067,102595
South Sudan,18368,138
Spain,1633494,15575
Spain,465284,5448
Spain,265836,3460
Spain,315314,1628
Spain,1587186,10391
Spain,465160,2270
Spain,162858,989
Spain,611185,8110
Spain,848587,9433
Spain,2682569,21125
Spain,24701,194
Spain,310495,2719
Spain,752348,4070
Spain,111161,965
Spain,1989045,20608
Spain,25460,170
Spain,465199,2545
Spain,258093,1762
Spain,796454,8017
Spain,0,0
Sri Lanka,672039,16830
Sudan,63829,5017
Summer Olympics 2020,865,0
Suriname,82467,1404
Sweden,32341,212
Sweden,81036,663
Sweden,76018,841
Sweden,12356,101
Sweden,113192,651
Sweden,35377,225
Sweden,92621,859
Sweden,65694,455
Sweden,54019,445
Sweden,52095,557
Sweden,104344,628
Sweden,101906,1031
Sweden,357548,2996
Sweden,71803,794
Sweden,620000,6239
Sweden,97754,823
Sweden,73008,515
Sweden,62564,464
Sweden,58776,791
Sweden,81139,642
Sweden,455748,3845
Switzerland,4413911,14210
Syria,57467,3164
Taiwan*,9970937,17672
Tajikistan,17786,125
Tanzania,42906,846
Thailand,4728182,33918
Timor-Leste,23419,138
Togo,39396,290
Tonga,16810,13
Trinidad and Tobago,189918,4355
Tunisia,1151126,29341
Turkey,17042722,101492
Tuvalu,2805,0
US,19790,232
US,69860,727
US,7485,103
US,8091,109
US,18704,261
US,3030,54
US,6551,132
US,41421,680
US,10859,172
US,6755,89
US,13009,219
US,2259,39
US,8553,107
US,5162,93
US,4428,72
US,17185,245
US,21291,279
US,3604,76
US,3776,64
US,11804,261
US,4738,110
US,31520,398
US,16507,245
US,11031,259
US,22522,345
US,29837,362
US,12367,179
US,34229,692
US,5887,100
US,12033,154
US,7969,172
US,2309,54
US,5728,110
US,5866,79
US,32660,531
US,18379,256
US,238727,2535
US,4737,73
US,30406,420
US,9389,181
US,47646,372
US,32150,320
US,3370,80
US,5293,90
US,116086,1060
US,6093,116
US,10113,160
US,32967,410
US,134986,1802
US,6742,88
US,73840,1010
US,46540,551
US,0,0
US,2673,49
US,6339,122
US,9264,142
US,6527,79
US,13030,100
US,78112,482
US,33302,441
US,3176,55
US,28602,397
US,14611,253
US,70976,854
US,0,0
US,24154,480
US,4397,61
US,3659,48
US,9427,141
US,1332,5
US,2003,3
US,124334,612
US,13021,47
US,0,0
US,1240,1
US,2407,13
US,1326,11
US,1803,2
US,2271,13
US,33699,172
US,798,1
US,11995,29
US,22694,130
US,5148,27
US,5899,13
US,4952,15
US,40792,277
US,7617,7
US,5532,17
US,5794,22
US,940,8
US,1848,10
US,3521,10
US,675,0
US,2482,21
US,6,0
US,0,0
US,786,2
US,983,5
US,1757,13
US,8320,34
US,36336,639
US,39086,643
US,52821,526
US,21401,415
US,14101,189
US,2717,40
US,5950,159
US,1530296,18846
US,67291,1669
US,48374,971
US,0,0
US,317052,4301
US,156974,1814
US,19628,245
US,0,0
US,60313,1388
US,71174,1257
US,7009,95
US,6249,82
US,10722,283
US,77394,1002
US,11277,203
US,3595,57
US,1194,14
US,7284,123
US,3126,65
US,6412,92
US,5146,101
US,8055,148
US,2677,42
US,6794,105
US,6606,84
US,47352,388
US,18657,295
US,16702,246
US,5745,104
US,2071,41
US,3656,44
US,5638,84
US,42997,358
US,4488,82
US,3108,99
US,27083,581
US,5252,65
US,19801,201
US,5638,83
US,13058,161
US,4657,64
US,12797,231
US,4712,78
US,7280,76
US,22364,316
US,8197,103
US,1507,30
US,6526,90
US,3344,68
US,5502,70
US,3888,109
US,6069,91
US,23994,270
US,4857,69
US,4100,95
US,11628,210
US,16411,235
US,2309,39
US,1770,67
US,2770,47
US,2051,54
US,6776,126
US,3017,43
US,5887,106
US,2964,49
US,10113,139
US,4652,160
US,20964,230
US,2416,46
US,127945,1322
US,6456,107
US,37142,395
US,2852,49
US,2562,53
US,39338,587
US,7125,84
US,5714,123
US,8565,110
US,3702,80
US,33605,0
US,11292,204
US,4340,67
US,80947,709
US,27120,340
US,2274,33
US,7596,118
US,402160,2192
US,143,0
US,11553,99
US,51967,487
US,9650,140
US,5346,22
US,295633,1559
US,8405,60
US,39170,245
US,329460,3001
US,7811,58
US,29324,170
US,88972,978
US,6072,63
US,310792,2625
US,67356,481
US,14941,157
US,11319,66
US,3710586,35545
US,55217,388
US,54908,317
US,4545,42
US,21739,143
US,89409,903
US,1327,11
US,3633,8
US,122120,804
US,35992,170
US,22495,133
US,788663,7971
US,0,0
US,91376,682
US,4290,15
US,776620,6853
US,409095,3719
US,18800,117
US,745179,8170
US,1067659,5799
US,209846,1178
US,227031,2421
US,74632,561
US,194587,912
US,119952,763
US,497526,2727
US,72428,276
US,44785,607
US,372,5
US,8908,96
US,122718,482
US,119546,556
US,168343,1845
US,28309,241
US,17875,234
US,1981,24
US,168754,1578
US,17914,203
US,4384,0
US,239184,1679
US,54973,443
US,21924,135
US,166371,1466
US,5953,68
US,197066,1368
US,3534,24
US,1027,17
US,3004,50
US,91179,447
US,18376,133
US,5662,56
US,392,12
US,1931,13
US,2303,58
US,961,19
US,3558,33
US,837,23
US,7202,161
US,224919,1524
US,424,8
US,100968,498
US,18833,39
US,237195,1904
US,5836,48
US,18767,210
US,18041,104
US,1171,7
US,4053,30
US,3970,16
US,161,0
US,1764,41
US,195,0
US,160677,1554
US,392,6
US,1877,32
US,15836,99
US,2203,2
US,109313,606
US,4408,51
US,2382,11
US,8661,119
US,51841,639
US,303,4
US,3738,55
US,7673,90
US,11179,183
US,6973,148
US,5320,137
US,1118,6
US,0,0
US,3499,24
US,1123,20
US,8081,9
US,3226,52
US,61961,880
US,2236,15
US,3634,47
US,7882,34
US,1524,12
US,316,0
US,2713,8
US,582,12
US,12072,15
US,5913,67
US,261,25
US,1262,35
US,106227,780
US,2342,27
US,264399,3017
US,237105,3494
US,41816,532
US,38840,547
US,257919,3165
US,73980,784
US,27913,317
US,3271,9
US,31414,355
US,64447,724
US,186969,1608
US,78267,992
US,1110,0
US,49,0
US,177945,1432
US,89806,833
US,10746,154
US,56189,894
US,9245,177
US,175277,2513
US,774980,6770
US,4939,111
US,48860,1009
US,39070,1146
US,67269,979
US,106604,1174
US,25731,472
US,11287,175
US,4938,89
US,319149,3872
US,98081,1479
US,29013,438
US,3580,58
US,17803,246
US,5663,109
US,2311,38
US,5043,90
US,4585,64
US,10362,141
US,13827,174
US,53794,1286
US,30739,807
US,479640,4409
US,6384,107
US,42698,763
US,18364,301
US,5046,70
US,3157,65
US,109346,1811
US,243110,2557
US,114380,794
US,12803,192
US,2997,31
US,7053,108
US,123507,1743
US,105662,2497
US,40724,768
US,1552197,12285
US,22919,138
US,27713,355
US,62183,768
US,12495,200
US,475796,3301
US,144497,1273
US,481679,6031
US,159816,2280
US,277006,4065
US,260300,3450
US,21209,469
US,59416,695
US,122219,2063
US,132095,1282
US,78720,706
US,96060,1413
US,30228,720
US,16028,360
US,8109,116
US,3307,396
US,5131,126
US,151166,2341
US,12188,143
US,20605,236
US,7746,124
US,5266,136
US,2449,58
US,4098,82
US,654,15
US,11199,262
US,4586,101
US,26052,291
US,35396,488
US,4991,125
US,5876,96
US,45403,836
US,3938,111
US,4689,116
US,4061,101
US,11203,112
US,17869,283
US,6296,124
US,7680,181
US,1571,25
US,13653,140
US,2581,110
US,28396,500
US,16998,205
US,3485,65
US,79653,1042
US,7924,24
US,7581,152
US,75790,713
US,35334,264
US,625,7
US,77902,1095
US,2457,46
US,216663,2102
US,11781,308
US,13042,278
US,43298,438
US,5707,83
US,41221,527
US,2225,64
US,5596,146
US,3942,44
US,8345,108
US,192315,1980
US,8566,144
US,5942,174
US,2844,76
US,24389,577
US,43478,462
US,3126,65
US,1059,12
US,16399,217
US,5334,121
US,6781,168
US,2836,70
US,5768,180
US,29631,387
US,32150,572
US,66837,466
US,6176,116
US,276219,2667
US,8267,199
US,727,31
US,27259,442
US,19761,305
US,6835,114
US,4758,91
US,257462,2122
US,11488,290
US,63629,935
US,1945,91
US,6292,186
US,7114,125
US,5609,112
US,2583,62
US,72008,758
US,49515,545
US,2226,57
US,24990,314
US,3797,83
US,4357,77
US,4238,122
US,1789,69
US,2645,86
US,6040,127
US,5842,131
US,2698,32
US,16454,330
US,8668,113
US,15774,168
US,1838,40
US,3479,36
US,36984,434
US,8941,139
US,2737,54
US,8025,123
US,1872,57
US,6165,114
US,2857,39
US,5576,159
US,2033,32
US,6277,127
US,7074,185
US,2329,57
US,5534,75
US,13523,206
US,45908,928
US,30775,498
US,10559,117
US,3758,65
US,99220,1654
US,46667,477
US,7951,151
US,10130,194
US,6431,144
US,6495,109
US,13752,215
US,2699,84
US,5270,115
US,551,5
US,4116,106
US,1825,50
US,60659,972
US,23742,351
US,1412,11
US,3174,76
US,2510,39
US,19289,452
US,7270,183
US,3287,36
US,8733,190
US,1381,35
US,337,4
US,5725,144
US,2440,53
US,3520,90
US,2547,71
US,13776,235
US,13823,240
US,7999,216
US,3085,127
US,1882,71
US,18779,426
US,3186,65
US,1852,74
US,12410,2
US,6138,182
US,9619,259
US,19976,291
US,26614,480
US,11350,304
US,1291,35
US,5134,141
US,8867,222
US,545,10
US,1590,39
US,8336,185
US,39243,494
US,2414,73
US,2624,55
US,2670,67
US,5532,125
US,103,3
US,61027,420
US,42594,237
US,264197,1355
US,19155,50
US,45510,185
US,9152,14
US,0,0
US,160373,1139
US,819,16
US,24459,273
US,1155,19
US,2770,45
US,11205,175
US,7310,33
US,1297,14
US,10275,201
US,35614,305
US,2416,69
US,555,12
US,182,2
US,70696,738
US,1664,35
US,5610,58
US,118,1
US,2693,40
US,707,9
US,9096,74
US,2594,31
US,2415,30
US,4263,86
US,3932,61
US,3601,59
US,6853,69
US,7118,68
US,47262,669
US,7725,57
US,1796,28
US,1406,32
US,1300,15
US,13800,58
US,4821,71
US,10618,161
US,956,12
US,2613,56
US,6793,92
US,1660,20
US,3119,80
US,2937,9
US,28733,315
US,0,0
US,3146,18
US,2645,61
US,27974,234
US,1574,16
US,5310,31
US,17550,127
US,2873,17
US,10275,136
US,1900,6
US,5022,57
US,5620,38
US,86054,315
US,13026,119
US,5933,54
US,5921,76
US,14392,118
US,18977,189
US,1533935,15289
US,7889,50
US,4004,40
US,5211,42
US,32553,217
US,7943,63
US,289813,1859
US,6660,60
US,2125,29
US,12823,147
US,8753,106
US,5516,71
US,15422,186
US,12788,139
US,1850,20
US,4281,49
US,16326,154
US,2668,32
US,5396,52
US,1447,20
US,1576,19
US,15932,135
US,8886,131
US,20182,143
US,3224,33
US,13589,185
US,7873,80
US,5182,46
US,5572,44
US,166146,1216
US,36784,386
US,41814,171
US,16232,245
US,37187,421
US,210403,1544
US,6844,45
US,11614,92
US,13246,145
US,12678,101
US,40343,373
US,16079,149
US,87637,857
US,14693,223
US,3481,34
US,4730,67
US,4663,73
US,9086,109
US,98211,525
US,64188,332
US,4598,29
US,4931,51
US,11440,135
US,12176,112
US,12381,138
US,4939,51
US,17498,141
US,3,0
US,59913,579
US,9157,101
US,5584,23
US,6159,70
US,1266,9
US,2057,23
US,1421,11
US,12948,135
US,6317,77
US,42574,519
US,10361,106
US,76600,445
US,2474,18
US,1575,14
US,7605,81
US,81204,802
US,1891,39
US,15058,189
US,46151,514
US,66,5065
US,6858,70
US,35285,325
US,4837,30
US,5073,93
US,4140,36
US,6611,94
US,5445,55
US,19530,244
US,216951,1693
US,28971,275
US,100711,901
US,12654,121
US,8751,120
US,124359,1284
US,26876,270
US,2985,28
US,3701,82
US,17386,204
US,2984,63
US,4926,74
US,14090,182
US,41291,435
US,8155,101
US,10719,146
US,3098,41
US,9069,165
US,13654,164
US,16256,150
US,8582,155
US,30191,503
US,15090,179
US,61477,794
US,8378,163
US,24235,331
US,6424,111
US,5205,69
US,5774,115
US,14364,160
US,21036,392
US,9107,153
US,96944,723
US,25238,301
US,13373,166
US,47804,614
US,16226,258
US,30065,489
US,14368,175
US,15182,144
US,11067,163
US,5904,87
US,11231,180
US,8172,119
US,51015,661
US,14246,167
US,22957,256
US,6543,106
US,31801,405
US,134438,2008
US,14516,285
US,39768,701
US,268696,3238
US,14072,217
US,2619,30
US,10908,175
US,34476,325
US,12319,174
US,19602,305
US,3119,74
US,15737,177
US,1769,19
US,5941,106
US,6907,137
US,4345,52
US,5883,73
US,4497,55
US,47697,627
US,7909,63
US,3538,92
US,11196,138
US,7013,163
US,10091,150
US,6084,61
US,9473,115
US,17143,191
US,6156,64
US,84866,967
US,5626,112
US,11487,126
US,6403,86
US,2663,22
US,60936,463
US,3996,94
US,0,274
US,2347,23
US,70796,691
US,4932,82
US,35132,453
US,10451,172
US,2380,30
US,24854,262
US,7179,95
US,23519,363
US,7610,144
US,8268,102
US,11448,91
US,1805,52
US,938,15
US,3248,68
US,3432,80
US,1311,25
US,7244,82
US,38980,528
US,6535,70
US,6386,89
US,5539,67
US,6988,66
US,3817,62
US,3072,26
US,5680,84
US,3333,88
US,5035,49
US,12769,181
US,3581,75
US,3163,37
US,2701,43
US,4843,54
US,4033,81
US,13865,173
US,5064,59
US,26870,160
US,1825,35
US,1847,29
US,4777,71
US,11291,165
US,4742,78
US,31008,330
US,2698,56
US,4959,88
US,4184,69
US,2960,50
US,1641,29
US,2051,28
US,3055,50
US,2773,48
US,3998,90
US,3287,51
US,5070,71
US,3846,101
US,6516,84
US,2312,37
US,3073,44
US,2148,51
US,4332,54
US,5537,75
US,10453,124
US,4424,63
US,44987,183
US,6467,84
US,2479,55
US,4362,98
US,9232,149
US,64756,668
US,2949,68
US,2186,34
US,3164,55
US,3704,46
US,5800,95
US,8910,136
US,11469,136
US,4004,47
US,2839,51
US,2091,53
US,2200,52
US,2596,60
US,11265,139
US,3887,73
US,1575,23
US,3845,56
US,2416,41
US,7174,114
US,1942,31
US,147524,1230
US,27969,354
US,4672,65
US,1318,42
US,2888,43
US,49015,449
US,3178,59
US,8987,99
US,23335,104
US,4671,101
US,1535,25
US,0,0
US,3186,56
US,1699,28
US,10439,222
US,14506,157
US,6822,89
US,1520,35
US,12112,186
US,3466,48
US,4503,56
US,33209,357
US,2048,17
US,4051,71
US,5127,65
US,2585,38
US,5063,45
US,1234,13
US,7689,124
US,5619,64
US,3159,51
US,22573,238
US,798,10
US,1000,22
US,7447,99
US,733,16
US,609,8
US,2452,49
US,2672,50
US,2833,48
US,548,18
US,12437,176
US,15195,148
US,790,22
US,5906,107
US,2850,39
US,34368,176
US,679,16
US,699,13
US,8442,92
US,2461,34
US,13435,128
US,12512,123
US,8235,104
US,11418,90
US,967,24
US,757,20
US,2800,40
US,1429,25
US,391,6
US,2222,26
US,553,6
US,1920,29
US,11960,137
US,1137,15
US,509,13
US,4640,40
US,5764,71
US,954,17
US,178296,1377
US,1381,22
US,2341,30
US,775,8
US,7991,89
US,370,12
US,24249,211
US,740,12
US,3490,36
US,1021,16
US,12076,136
US,4032,56
US,2962,51
US,9609,142
US,1439,27
US,9651,107
US,1759,26
US,10986,181
US,1769,33
US,742,12
US,3796,67
US,6105,80
US,907,19
US,2457,39
US,4894,68
US,1012,21
US,1453,24
US,0,0
US,2614,27
US,1691,33
US,7110,70
US,2281,40
US,805,11
US,22806,279
US,1551,22
US,3082,33
US,16451,110
US,1581,21
US,965,24
US,2155,43
US,17109,275
US,1577,38
US,171398,1709
US,8510,71
US,60744,740
US,902,19
US,1812,23
US,839,9
US,1401,32
US,530,12
US,1923,27
US,6649,85
US,3022,31
US,947,15
US,0,0
US,1996,24
US,488,8
US,1633,27
US,598,10
US,3456,56
US,1036,17
US,54648,528
US,7849,115
US,8543,125
US,8514,79
US,1751,38
US,17377,239
US,4665,53
US,11175,173
US,47400,353
US,7822,74
US,22965,212
US,11447,165
US,2761,29
US,5402,72
US,6698,89
US,29211,258
US,4769,58
US,5085,66
US,11819,105
US,30220,212
US,1357,24
US,4334,55
US,12062,123
US,5400,84
US,20166,235
US,14559,83
US,9744,110
US,4788,58
US,2850,59
US,2776,35
US,38888,447
US,3299,57
US,3701,22
US,5308,58
US,123211,727
US,4992,74
US,16967,256
US,18619,192
US,1483,35
US,2809,57
US,6043,93
US,9998,74
US,13675,205
US,10071,151
US,4849,51
US,16837,159
US,3156,30
US,43810,491
US,12843,234
US,8537,91
US,6908,110
US,17694,185
US,6406,61
US,1109,31
US,19791,284
US,5233,84
US,283708,2681
US,19158,168
US,9104,138
US,54205,472
US,6088,77
US,15023,174
US,4832,80
US,27059,290
US,5560,80
US,3512,59
US,5226,60
US,9862,139
US,5767,95
US,8936,151
US,3104,67
US,10360,140
US,3623,41
US,35555,310
US,5149,62
US,8059,92
US,10265,129
US,4235,54
US,6323,118
US,23983,313
US,7724,91
US,3347,62
US,7499,69
US,2376,36
US,9476,118
US,3739,77
US,4508,90
US,11391,128
US,6747,36
US,13325,135
US,19282,171
US,2726,35
US,8965,123
US,23729,164
US,3129,40
US,2098,34
US,4384,43
US,16035,211
US,25198,367
US,6503,51
US,22161,329
US,879,23
US,6680,70
US,9819,79
US,8412,100
US,22918,124
US,16931,186
US,7547,104
US,7089,67
US,11868,146
US,3570,48
US,5128,50
US,2761,48
US,2504,0
US,5532,63
US,55374,428
US,5103,71
US,8354,106
US,4920,52
US,17191,234
US,3577,31
US,9530,60
US,18944,311
US,9060,147
US,45368,311
US,6803,73
US,14381,218
US,11209,145
US,5002,117
US,51124,549
US,88694,1289
US,68184,746
US,4607,58
US,1387,10
US,3141,63
US,4113,85
US,6468,91
US,9787,146
US,144599,1430
US,3349,39
US,8365,179
US,10224,165
US,8879,195
US,7541,100
US,23908,274
US,11668,157
US,5604,85
US,142493,1471
US,8197,174
US,5091,72
US,79177,542
US,35001,411
US,15460,161
US,47327,488
US,3940,65
US,8513,145
US,13037,188
US,114250,1196
US,64890,866
US,0,0
US,7939,49
US,7975,98
US,42728,612
US,2577,59
US,9019,107
US,8030,127
US,14458,120
US,17250,158
US,2276,27
US,7351,80
US,13287,191
US,27848,437
US,15850,199
US,15309,288
US,91451,943
US,45249,674
US,1334,13
US,38963,454
US,1242,0
US,8802,144
US,19103,247
US,11781,202
US,16287,276
US,14458,203
US,9676,93
US,4853,77
US,3364,51
US,5565,75
US,28509,335
US,18328,199
US,66462,498
US,7323,71
US,10199,119
US,30176,309
US,8147,55
US,6944,44
US,0,0
US,14603,177
US,37661,391
US,3929,46
US,7034,48
US,12972,123
US,1,0
US,8086,80
US,5748,72
US,52008,361
US,21731,392
US,119808,1277
US,172399,2826
US,149524,1966
US,14785,173
US,7330,92
US,28133,475
US,20355,286
US,38706,408
US,9556,116
US,58504,620
US,7197,124
US,50109,679
US,64177,462
US,3953,79
US,245966,2375
US,229478,2386
US,8845,131
US,6190,79
US,24582,251
US,7234,115
US,0,35
US,40989,643
US,24868,366
US,10878,188
US,49617,785
US,35456,480
US,182344,2555
US,8316,26
US,256987,3272
US,14736,198
US,172065,2138
US,39721,453
US,437431,4822
US,173673,2330
US,143587,1962
US,268158,2242
US,201538,5
US,240708,3065
US,1933,79
US,2125,19
US,32211,404
US,6584,161
US,5281,76
US,3914,88
US,2613,62
US,16986,193
US,31763,690
US,4143,77
US,42080,691
US,13520,214
US,42622,686
US,13133,172
US,5871,70
US,5802,131
US,10283,120
US,8182,185
US,28166,240
US,3200,37
US,12472,191
US,9390,131
US,35077,474
US,7617,109
US,329,5
US,125355,2020
US,6802,135
US,4306,78
US,21552,275
US,13048,211
US,12764,225
US,9587,108
US,9757,166
US,84928,909
US,20016,208
US,5696,177
US,3614,101
US,17995,238
US,50425,645
US,75822,819
US,4512,70
US,201888,1859
US,664,16
US,2471,42
US,24350,476
US,4441,67
US,30950,365
US,58293,540
US,1676,24
US,2997,40
US,300709,4613
US,4865,107
US,19376,170
US,8357,117
US,10312,129
US,7183,85
US,42516,181
US,23527,265
US,3591,71
US,48415,538
US,17949,247
US,1998,53
US,48751,722
US,13711,183
US,385029,4563
US,7754,106
US,5082,121
US,1344,45
US,6012,99
US,1696,61
US,6790,117
US,87973,928
US,9333,55
US,2383,66
US,5630,130
US,61110,1087
US,10617,226
US,2234,19
US,22230,269
US,50560,947
US,16096,238
US,15728,316
US,29,0
US,20826,333
US,109512,643
US,537017,9107
US,8674,129
US,3702,65
US,119415,886
US,10509,102
US,14406,141
US,17064,202
US,1781,11
US,21404,126
US,7995,90
US,11461,124
US,32053,145
US,8642,96
US,3828,55
US,17290,135
US,23726,140
US,2543,32
US,826,6
US,3796,43
US,19391,190
US,137144,912
US,6739,24
US,13432,140
US,4474,61
US,5885,36
US,10580,91
US,15617,155
US,1822,16
US,386090,2952
US,5497,28
US,6122,70
US,11756,132
US,13638,175
US,2675,22
US,4362,62
US,15945,152
US,1253,32
US,3717,44
US,2201,31
US,2651,35
US,927,7
US,7498,55
US,1520,7
US,8301,82
US,2190,19
US,2530,25
US,6695,76
US,13049,122
US,7209,83
US,8464,135
US,11179,120
US,13867,83
US,2401,22
US,9889,76
US,8185,66
US,1801,17
US,53171,230
US,16465,191
US,4333,44
US,8584,76
US,2408,37
US,10695,128
US,3984,24
US,159678,1544
US,1071,14
US,4785,58
US,4573,59
US,20749,208
US,2788,35
US,5066,48
US,48027,295
US,31981,200
US,4257,29
US,60656,623
US,61649,422
US,12045,77
US,3314,17
US,2726,34
US,8475,73
US,1047,12
US,896,421
US,6678,20
US,5241,67
US,6373,46
US,82684,571
US,3458,26
US,1951,26
US,15942,84
US,42819,344
US,3160,33
US,8590,153
US,12815,174
US,3885,70
US,6811,124
US,2819,51
US,11630,194
US,5590,79
US,3088,59
US,7015,105
US,2901,36
US,2565,50
US,4890,112
US,6224,104
US,8205,139
US,9238,129
US,8683,122
US,61488,593
US,27523,330
US,2368,40
US,8780,92
US,3897,61
US,6443,142
US,14973,163
US,66104,714
US,68037,859
US,5247,107
US,2397,48
US,307,9
US,9449,152
US,45938,503
US,6153,86
US,1791,40
US,3669,57
US,26502,316
US,2648,52
US,18938,189
US,22073,170
US,22120,386
US,4566,61
US,7703,127
US,34009,333
US,8667,183
US,10505,166
US,21310,258
US,31893,353
US,8795,152
US,12052,191
US,13798,232
US,3702,83
US,12873,247
US,7137,107
US,3635,52
US,13773,173
US,12443,180
US,17821,289
US,3754,66
US,12832,196
US,12842,159
US,10252,115
US,1835,35
US,47012,529
US,7887,123
US,1169,28
US,8673,161
US,5063,72
US,6731,82
US,7106,135
US,3888,71
US,8703,158
US,8946,117
US,7721,123
US,3057,50
US,0,0
US,11645,136
US,4689,84
US,12825,219
US,13015,214
US,6967,91
US,4069,76
US,1943,47
US,6747,105
US,4831,63
US,10078,118
US,6722,71
US,5665,66
US,1815,24
US,6866,125
US,7963,151
US,3371,56
US,4457,102
US,5499,113
US,3260,48
US,53197,299
US,29734,349
US,12433,182
US,2076,42
US,14439,148
US,10881,197
US,23434,275
US,2691,48
US,1761,24
US,30193,348
US,3751,61
US,1996,43
US,24975,292
US,1922,49
US,33549,412
US,5749,130
US,24120,306
US,4792,81
US,6579,117
US,1815,49
US,4697,83
US,2027,32
US,2551,51
US,3966,93
US,3059,87
US,9718,138
US,31433,415
US,4094,115
US,2690,37
US,84976,1156
US,3140,75
US,2465,36
US,7064,96
US,2408,59
US,1314,34
US,2972,38
US,10995,233
US,2695,50
US,121175,1389
US,40835,585
US,67882,750
US,14723,153
US,139772,1350
US,1189,16
US,9621,193
US,9250,146
US,9297,186
US,3365,44
US,18483,162
US,3167,76
US,4454,109
US,4264,68
US,4264,59
US,1966,42
US,9802,135
US,6205,80
US,903,17
US,7090,129
US,4425,65
US,4386,61
US,2509,52
US,3116,63
US,4920,125
US,6109,93
US,13831,223
US,7218,51
US,2432,41
US,3793,52
US,2035,66
US,3800,87
US,6336,51
US,14937,191
US,12903,263
US,5220,65
US,12814,108
US,9932,121
US,10785,132
US,1177,26
US,2948,30
US,7202,116
US,6208,102
US,1392,27
US,3194,68
US,7228,118
US,896,26
US,839,20
US,13875,172
US,1916,43
US,2075,18
US,119652,1050
US,2618,45
US,23553,330
US,294789,3746
US,76241,869
US,4846,42
US,7191,152
US,6942,132
US,2048,29
US,16064,252
US,5677,113
US,0,0
US,6150,116
US,9926,116
US,7086,154
US,2979,58
US,10347,165
US,559,5
US,4585,95
US,2469,32
US,5861,103
US,2590,34
US,1545,22
US,2465,30
US,291,5
US,30042,375
US,1360,15
US,3518,53
US,485,9
US,2767,60
US,3255,30
US,798,12
US,2966,61
US,33849,303
US,41596,134
US,251,3
US,4730,77
US,178,5
US,672,10
US,5400,77
US,3149,26
US,283,1
US,8334,107
US,21851,202
US,528,4
US,5632,96
US,2392,23
US,452,9
US,597,12
US,1367,17
US,34011,224
US,1107,31
US,5132,39
US,45,1
US,1146,30
US,1477,11
US,418,10
US,2218,32
US,292,4
US,8512,173
US,3014,39
US,4013,76
US,3112,63
US,2435,53
US,917,13
US,9930,139
US,1731,32
US,911,13
US,1539,27
US,1411,25
US,148,1
US,0,0
US,2164,42
US,459,14
US,246,8
US,51325,605
US,7830,92
US,1295,20
US,34,1
US,104,2
US,76,4
US,1285,15
US,2524,26
US,485,13
US,655,7
US,14323,149
US,1546,26
US,2320,20
US,7291,55
US,1759,28
US,891,11
US,637,14
US,2403,30
US,1740,33
US,2972,32
US,2046,27
US,2397,39
US,7991,87
US,1512,26
US,5975,90
US,360,4
US,1405,19
US,12048,162
US,179702,1296
US,410,6
US,1319,19
US,509,14
US,621,4
US,1327,18
US,4614,62
US,486,5
US,469,11
US,452,9
US,114,6
US,470,7
US,19550,192
US,2851,28
US,395,7
US,109,0
US,636,14
US,2615,26
US,129,5
US,1341,26
US,1434,15
US,945,19
US,1422,13
US,1796,31
US,136,0
US,832,16
US,1969,19
US,94771,481
US,10809,147
US,164,0
US,92,0
US,11571,86
US,77,1
US,2076,27
US,1351,36
US,898,18
US,1597,31
US,1104,19
US,3903,29
US,520,8
US,579,13
US,2783,27
US,1541,29
US,10382,89
US,1382,27
US,2707,28
US,2285,35
US,194,3
US,4452,19
US,58879,338
US,5594,58
US,11443,156
US,3759,57
US,1145,41
US,688,9
US,82,1
US,757,13
US,1298,13
US,113,1
US,2146,37
US,1502,21
US,875,12
US,5492,54
US,2142,19
US,851,15
US,139,2
US,4726,36
US,17441,238
US,7624,123
US,671243,9313
US,8816,98
US,12918,152
US,124,5
US,191,2
US,2791,67
US,1350,22
US,681,11
US,12266,185
US,1503,20
US,9156,305
US,2361,32
US,197,14
US,11506,0
US,128178,1309
US,1776,26
US,17508,217
US,12304,76
US,19089,134
US,8341,134
US,23354,103
US,121573,1042
US,40280,308
US,84642,655
US,37116,249
US,11891,84
US,2330,1
US,91788,1083
US,326525,3733
US,141872,1377
US,169517,1974
US,30511,332
US,52840,664
US,291824,3771
US,91632,1051
US,238646,2855
US,34702,307
US,111477,1348
US,275803,3040
US,223671,2384
US,165862,1678
US,215999,3282
US,193557,2460
US,18584,262
US,98247,1030
US,45639,519
US,1646,0
US,196497,2498
US,32145,367
US,197256,2251
US,530,23
US,24728,362
US,9347,213
US,2806,71
US,15396,235
US,755,6
US,76839,937
US,19276,327
US,9894,115
US,1375,18
US,103,4
US,1339,17
US,22978,410
US,6600,75
US,4587,25
US,8014,152
US,33328,656
US,986,22
US,17130,228
US,2564,70
US,13353,167
US,6228,110
US,52461,863
US,7662,85
US,45050,516
US,40271,400
US,2495,87
US,4752,102
US,7287,108
US,3331,61
US,7215,0
US,933,20
US,24060,325
US,79420,617
US,10902,164
US,553117,8529
US,59296,604
US,19417,252
US,20651,182
US,29741,340
US,26845,265
US,11907,141
US,22943,132
US,14041,175
US,13569,135
US,10245,93
US,85482,739
US,271310,2922
US,7832,84
US,12239,58
US,16758,186
US,16743,208
US,11130,155
US,1105,5
US,17616,214
US,27473,160
US,963672,14205
US,7412,58
US,14516,141
US,16984,146
US,193746,1854
US,15172,238
US,550940,4337
US,596334,6168
US,60061,637
US,69636,881
US,143714,1207
US,26432,222
US,146219,1255
US,10655,131
US,34956,238
US,13425,108
US,0,563
US,31777,149
US,904779,13415
US,42135,316
US,227585,2708
US,119199,978
US,62003,417
US,44064,379
US,6647,44
US,4364,32
US,7754,95
US,26587,223
US,25561,278
US,569776,4963
US,24840,154
US,14190,95
US,26871,102
US,43566,420
US,985,2
US,19090,157
US,16025,137
US,22104,203
US,336689,3002
US,10020,96
US,4471,43
US,61903,572
US,12774,159
US,3767,21
US,8468,113
US,7621,95
US,5553,48
US,16121,187
US,5475,78
US,12133,149
US,41118,378
US,71015,701
US,32001,366
US,72323,567
US,30392,357
US,2207,10
US,18539,164
US,6639,61
US,60653,678
US,18211,131
US,8781,137
US,5296,66
US,3486,51
US,36816,453
US,19242,294
US,32145,263
US,116118,740
US,6320,40
US,10060,33
US,56254,500
US,14938,124
US,20962,263
US,103313,395
US,17608,178
US,125590,969
US,26480,96
US,81942,970
US,2457,22
US,2968,31
US,19634,129
US,7207,78
US,160748,1459
US,18892,206
US,42805,377
US,17219,262
US,33308,374
US,6384,101
US,19537,140
US,1706,15
US,61898,551
US,12191,109
US,75853,501
US,2916,49
US,20141,177
US,20330,248
US,30371,205
US,9815,138
US,6307,90
US,7620,100
US,17360,196
US,368329,1892
US,4779,43
US,9045,148
US,31722,381
US,32682,372
US,64577,467
US,5934,97
US,65255,431
US,39406,158
US,3471,37
US,10706,135
US,18749,154
US,3569,26
US,12184,120
US,67103,287
US,5049,72
US,44680,513
US,16470,212
US,52256,598
US,27690,329
US,51689,636
US,21683,433
US,23581,211
US,12892,148
US,24087,291
US,15641,205
US,28679,421
US,5021,53
US,8370,87
US,1228,10
US,0,0
US,79423,531
US,15882,137
US,391609,1311
US,5862,52
US,3908,57
US,15101,78
US,42033,452
US,23073,308
US,27780,360
US,15174,144
US,6341,70
US,689,10
US,3601,47
US,2288,23
US,170,1
US,1887,26
US,932,9
US,491,3
US,41126,303
US,71291,333
US,975,7
US,1794,39
US,599,4
US,1198,8
US,896,6
US,840,18
US,1169,23
US,515,4
US,27002,125
US,556,11
US,678,2
US,957,8
US,597,13
US,1168,20
US,557,12
US,1576,31
US,896,9
US,3650,25
US,3182,49
US,2997,24
US,13245,142
US,3882,37
US,930,18
US,378,5
US,2396,16
US,1250,32
US,4354,57
US,1926,28
US,664,15
US,4803,23
US,7963,43
US,1310,9
US,345,7
US,1658,19
US,72,0
US,13816,86
US,436,2
US,8281,97
US,759,12
US,2491,26
US,0,238
US,4134,34
US,24090,251
US,1219,12
US,12271,68
US,13666,41
US,8909,165
US,33974,510
US,14914,236
US,25902,472
US,19996,158
US,14299,203
US,19256,344
US,14169,198
US,116682,1254
US,6332,136
US,10797,159
US,43582,624
US,65558,619
US,12831,184
US,29780,512
US,10094,169
US,14216,230
US,350654,4130
US,15106,249
US,12408,176
US,56138,304
US,25021,294
US,47453,463
US,9405,134
US,366781,2832
US,12628,185
US,10502,141
US,20552,294
US,48477,544
US,13659,166
US,238207,2240
US,21443,296
US,8837,167
US,4144,82
US,7901,114
US,13505,190
US,8642,132
US,5859,191
US,17989,232
US,11837,150
US,18813,345
US,16550,250
US,61985,826
US,24462,290
US,52928,523
US,12777,180
US,89885,1064
US,126129,1523
US,11605,145
US,67576,1189
US,24520,287
US,50941,541
US,6419,106
US,11372,147
US,31994,519
US,4247,85
US,162583,2215
US,4123,62
US,9404,113
US,31774,324
US,3911,61
US,10862,154
US,5564,78
US,10359,134
US,21284,243
US,9998,138
US,44355,489
US,11659,208
US,9940,166
US,39253,548
US,25027,327
US,17612,263
US,27836,282
US,15784,250
US,13326,203
US,98019,1827
US,143348,1859
US,52689,1018
US,25479,543
US,0,2
US,19949,117
US,8157,162
US,3697,60
US,72639,647
US,15502,247
US,28587,476
US,11940,175
US,38658,395
US,6692,111
US,9855,79
US,1885,17
US,4723,58
US,1185,11
US,7303,109
US,2931,51
US,17397,149
US,10214,191
US,48385,434
US,19415,266
US,17565,167
US,5068,73
US,714,9
US,100720,909
US,2119,26
US,39391,432
US,1698,35
US,6017,63
US,22790,362
US,9756,181
US,13701,222
US,1237,35
US,1040,12
US,18127,318
US,8648,157
US,17218,267
US,1260,17
US,1601,43
US,904,15
US,838,13
US,3324,42
US,3106,67
US,8265,116
US,1602,29
US,3934,60
US,15752,236
US,4859,74
US,2410,59
US,2721,42
US,15575,120
US,9963,152
US,13632,179
US,3983,46
US,2550,44
US,5692,48
US,13322,178
US,14811,145
US,9740,176
US,5557,133
US,5345,88
US,24414,384
US,3610,48
US,3232,46
US,4249,66
US,245039,2735
US,11739,212
US,13936,186
US,11692,136
US,0,0
US,5072,88
US,23351,194
US,13876,234
US,16719,171
US,26892,317
US,3278,48
US,1117,16
US,31643,415
US,7783,144
US,12951,117
US,13523,217
US,7045,58
US,1828,38
US,212876,2396
US,152,2164
US,27073,304
US,15779,291
US,3299,59
US,2738,46
US,6175,87
US,3839,64
US,22192,93
US,84357,811
US,6364,63
US,10160,123
US,14955,198
US,7955,98
US,4676,70
US,61720,389
US,26067,472
US,324,6
US,2251,26
US,1972,42
US,4681,49
US,54594,637
US,9056,105
US,20978,412
US,17950,255
US,1653,34
US,79852,713
US,9333,113
US,33388,335
US,9721,126
US,88351,854
US,3404,37
US,171526,1480
US,20575,169
US,390,6
US,5031,79
US,26508,252
US,3,0
US,5848,95
US,1576,23
US,6709,77
US,122406,783
US,303,3
US,22896,281
US,31676,424
US,339976,3838
US,18397,386
US,49038,848
US,12845,289
US,126969,1778
US,35199,689
US,20762,234
US,156462,2167
US,55245,835
US,43568,815
US,1035,22
US,20240,346
US,44220,397
US,117917,1336
US,9927,223
US,24425,399
US,11183,142
US,19721,277
US,24932,363
US,63042,974
US,72651,1080
US,141966,2086
US,8605,121
US,72139,899
US,39057,759
US,2550,35
US,51643,801
US,5067,73
US,10696,120
US,13887,280
US,21937,396
US,11268,266
US,5742,193
US,59181,908
US,150890,2090
US,23172,465
US,45680,574
US,111635,1396
US,94872,1586
US,35015,590
US,9809,175
US,28403,546
US,15166,304
US,48163,596
US,200208,2657
US,5989,98
US,100150,1250
US,28684,591
US,10451,198
US,394710,5549
US,13435,112
US,3882,104
US,42680,759
US,9772,169
US,22271,443
US,1390,38
US,10136,135
US,10189,221
US,0,0
US,13563,159
US,13835,272
US,9754,242
US,63639,730
US,13364,204
US,99366,1557
US,6563,121
US,147850,1668
US,6873,0
US,12796,0
US,16396,0
US,8382,0
US,8444,0
US,8391,0
US,29855,0
US,5679,0
US,7631,0
US,9554,0
US,66656,0
US,14231,0
US,44456,0
US,11445,0
US,13002,0
US,51188,0
US,7355,0
US,14712,0
US,3256,0
US,5339,0
US,14325,0
US,11733,0
US,6058,0
US,12137,0
US,540,0
US,12356,0
US,9675,0
US,4760,0
US,3938,0
US,12231,0
US,5881,0
US,30371,0
US,14835,0
US,12064,0
US,5091,0
US,17357,0
US,14284,0
US,5642,0
US,14766,0
US,12948,0
US,6978,0
US,11260,0
US,2889,0
US,12316,0
US,5705,0
US,5221,0
US,12613,0
US,1620,0
US,3340,0
US,22561,0
US,13331,0
US,9268,0
US,7354,0
US,9769,0
US,6613,0
US,434,0
US,5801,0
US,5880,0
US,42065,0
US,9062,0
US,4406,0
US,14471,0
US,6516,0
US,8543,0
US,9243,0
US,101521,0
US,11965,0
US,13872,0
US,6709,0
US,21933,0
US,24623,0
US,19390,0
US,25651,5823
US,8357,0
US,12092,0
US,20382,0
US,1800,0
US,7630,0
US,10310,0
US,11342,0
US,0,0
US,17778,193
US,64423,572
US,26526,106
US,278748,2724
US,30145,3
US,43077,272
US,7826,78
US,52428,457
US,2429,24
US,70200,1112
US,4295,80
US,6803,106
US,54220,436
US,66396,494
US,3615,63
US,139282,1051
US,18526,334
US,12714,162
US,14947,211
US,10814,169
US,11436,233
US,22359,347
US,11769,156
US,71341,563
US,8423,79
US,7690,116
US,50562,696
US,19822,243
US,207151,2154
US,26923,334
US,6070,95
US,120997,1286
US,7299,101
US,27965,285
US,31562,309
US,23072,321
US,5112,100
US,124164,975
US,10679,172
US,9949,117
US,2756,43
US,16493,225
US,29076,392
US,29721,459
US,54706,689
US,161232,1050
US,4681,86
US,117410,1663
US,35665,437
US,0,0
US,9971,169
US,10407,158
US,95610,770
US,899,18
US,5577,64
US,948,16
US,2569,42
US,9517,67
US,12185,135
US,1685,27
US,693,18
US,3252,49
US,306,7
US,3679,38
US,976,12
US,3951,28
US,10635,107
US,1196,18
US,2489,29
US,7083,88
US,1513,40
US,1200,12
US,3436,46
US,825,16
US,1069,17
US,2495,44
US,712,17
US,2425,53
US,1221,34
US,531,12
US,1806,41
US,679,13
US,744,6
US,222,3
US,5115,63
US,2041,39
US,361,9
US,745,21
US,488,20
US,195,2
US,1568,27
US,2635,30
US,7780,88
US,17489,116
US,1432,14
US,955,15
US,1502,32
US,534,16
US,8389,68
US,653,8
US,539,15
US,65212,565
US,1692,30
US,5060,62
US,38893,378
US,805,19
US,810,10
US,2853,57
US,675,8
US,1692,39
US,737,9
US,269,3
US,3914,53
US,1710,29
US,2292,70
US,0,0
US,4371,55
US,1498,28
US,6992,64
US,716,11
US,27983,387
US,18181,251
US,5711,102
US,5424,63
US,49483,534
US,39220,458
US,16089,188
US,5208,76
US,11688,172
US,21598,373
US,13207,143
US,7157,102
US,11258,213
US,2660,58
US,14862,245
US,21036,297
US,6534,89
US,19583,350
US,235552,1844
US,7768,113
US,4571,73
US,20237,269
US,15767,223
US,14255,202
US,7098,144
US,16220,206
US,21964,295
US,11520,213
US,8299,122
US,28001,417
US,4642,81
US,24702,386
US,122069,1281
US,2639,43
US,9533,140
US,10917,174
US,21720,376
US,8063,109
US,11166,183
US,10220,179
US,8560,123
US,3063,65
US,6156,86
US,3904,68
US,19808,309
US,6116,111
US,159870,1601
US,3184,47
US,9432,114
US,16971,230
US,4164,69
US,11797,187
US,18847,227
US,10411,160
US,39819,480
US,11097,141
US,12736,137
US,35082,383
US,20057,288
US,9583,144
US,4175,63
US,18390,277
US,63699,638
US,2744,41
US,7856,96
US,13497,217
US,63194,292
US,8675,134
US,2810,60
US,2195,39
US,5650,90
US,29759,323
US,11818,172
US,19707,271
US,26090,333
US,117004,986
US,12228,140
US,5167,74
US,36653,450
US,293983,3677
US,7332,99
US,3773,71
US,60331,817
US,65582,810
US,22044,264
US,4738,48
US,43303,257
US,6820,106
US,7006,84
US,2259,50
US,15830,192
US,49960,551
US,6886,88
US,11851,180
US,9884,145
US,76189,449
US,51586,535
US,10975,256
US,5093,74
US,17089,504
US,5550,98
US,2646,30
US,696,10
US,15748,240
US,7014,84
US,1763,39
US,4317,80
US,27354,254
US,937,33
US,9990,155
US,86419,945
US,698806,6512
US,3221,35
US,124,2
US,4896,76
US,24695,456
US,117112,1039
US,75241,448
US,1365,34
US,583,8
US,2083,55
US,15286,238
US,6131,68
US,13620,180
US,17753,186
US,7082,54
US,3508,80
US,135396,2120
US,3600,78
US,1753,38
US,8936,204
US,2811,48
US,12877,74
US,9901,261
US,3056,35
US,2533,44
US,1040,25
US,1083,21
US,2090,77
US,276773,1621
US,898,17
US,4592,68
US,43326,583
US,4047,83
US,1402,14
US,8575,146
US,21396,235
US,392,9
US,1555,25
US,1397,20
US,2311,46
US,558,14
US,2446,44
US,696583,7133
US,3589,101
US,7311,112
US,5833,118
US,2070,27
US,224101,1447
US,522,16
US,6204,52
US,1327,26
US,4364,74
US,3433,120
US,44146,734
US,584,12
US,256001,3895
US,57881,616
US,10013,132
US,4498,70
US,8129,193
US,5504,118
US,736,27
US,2362,50
US,254,12
US,245946,1247
US,2675,46
US,4320,87
US,6685,95
US,2403,85
US,120012,901
US,1506,30
US,6290,120
US,234,3
US,1567,34
US,5373,106
US,7119,133
US,31791,684
US,27227,724
US,10216,128
US,45756,429
US,8499,251
US,1310,24
US,2112,36
US,2337,31
US,650,21
US,14666,261
US,1275028,11623
US,15858,238
US,1503,3
US,1133,40
US,78740,570
US,1482,9
US,18557,446
US,267945,4032
US,10221,204
US,9445,169
US,15046,299
US,8749,193
US,5013,121
US,8056,193
US,1173,18
US,19874,375
US,7653,149
US,605,3
US,1667,32
US,3991,63
US,8235,202
US,278,10
US,63229,880
US,3805,23
US,14214,225
US,52246,782
US,5359,97
US,6403,75
US,42740,559
US,9830,134
US,104,2
US,223,4
US,11089,204
US,939,16
US,56,0
US,831,14
US,9297,155
US,656,25
US,2597,50
US,12051,281
US,5222,127
US,6392,96
US,4916,124
US,5254,63
US,4321,95
US,22288,417
US,6117,137
US,811,17
US,2427,43
US,5125,102
US,403,1
US,113683,1394
US,1706,41
US,4330,59
US,2041,62
US,1412,26
US,1059,13
US,10324,185
US,24188,479
US,1957,51
US,75252,971
US,186,10
US,12177,213
US,658,13
US,48100,516
US,6024,109
US,1622,39
US,2122,52
US,5412,136
US,172263,1383
US,6348,115
US,3028,76
US,325,13
US,15006,280
US,14507,233
US,1756,64
US,3569,108
US,119838,1586
US,2674,50
US,650,6
US,17274,381
US,8074,158
US,5801,138
US,40456,491
US,2689,54
US,3642,72
US,9374,265
US,43535,788
US,1215,42
US,2274,62
US,29975,513
US,999,16
US,1023,25
US,2772,74
US,5644,77
US,2296,40
US,197,2
US,5392,79
US,31784,285
US,2756,72
US,12738,244
US,1536,94
US,1222,47
US,6750,110
US,14586,363
US,1503,40
US,601,9
US,6167,108
US,1101,12
US,5401,139
US,540,16
US,57251,1019
US,2230,37
US,24248,390
US,2138,53
US,332,9
US,424,7
US,943,14
US,2690,34
US,687595,6387
US,40969,773
US,141,3
US,2943,87
US,297,10
US,10313,137
US,41194,485
US,334125,1846
US,3268,81
US,5192,91
US,101465,35
US,9110,196
US,963,19
US,11540,152
US,15879,312
US,12787,300
US,23239,428
US,22514,216
US,11642,112
US,3328,50
US,11037,157
US,111910,1081
US,11597,230
US,1354,25
US,41356,751
US,4264,93
US,8775,137
US,170638,941
US,12865,167
US,2226,36
US,19687,285
US,9832,308
US,1648,43
US,4499,103
US,4522,57
US,4539,70
US,58205,276
US,22956,179
US,120040,453
US,410508,1830
US,5149,53
US,11943,100
US,72559,708
US,15979,29
US,25075,115
US,14966,124
US,4843,9
US,226280,881
US,12224,38
US,89619,503
US,6940,33
US,12193,94
US,6524,41
US,39572,230
US,1461,4
US,11672,86
US,1292,8
US,4351,28
US,5124,17
US,7152,49
US,17030,98
US,4445,40
US,14223,80
US,8915,53
US,11724,68
US,24813,130
US,9119,119
US,25415,208
US,45583,232
US,4561,111
US,3582,64
US,9634,111
US,5018,62
US,66715,369
US,24503,239
US,1082,21
US,22201,285
US,2404,25
US,9990,118
US,6189,111
US,4091,54
US,6192,150
US,4981,62
US,2331,48
US,17713,237
US,9041,95
US,9791,177
US,1715,31
US,3431,50
US,12470,86
US,64364,565
US,100129,875
US,3513,56
US,6338,112
US,1912,31
US,1451,25
US,14440,179
US,1841,30
US,14774,301
US,4888,71
US,7516,108
US,1660,57
US,2836,43
US,261545,1720
US,2741,51
US,3510,21
US,16629,164
US,3719,55
US,6902,54
US,14138,227
US,2681,57
US,26744,287
US,7248,51
US,3293,86
US,5280,60
US,9649,115
US,5779,64
US,5656,98
US,5087,65
US,3908,45
US,9666,195
US,38739,375
US,29106,348
US,15289,184
US,91424,1083
US,16061,331
US,496,6
US,7844,125
US,9221,129
US,21280,155
US,6909,57
US,4733,52
US,1476,15
US,2338,42
US,8477,131
US,2736,34
US,97880,446
US,8936,102
US,3377,45
US,24408,327
US,3172,48
US,11883,80
US,4909,31
US,4575,126
US,2065,28
US,7908,148
US,2530,55
US,25147,189
US,3258,40
US,5973,45
US,49863,459
US,54074,548
US,2909,78
US,2717,47
US,1618,22
US,5684,103
US,9192,109
US,7068,133
US,4991,123
US,10239,153
US,19155,249
US,2983,31
US,26689,368
US,6387,67
US,6813,89
US,11593,90
US,128090,838
US,10977,170
US,5204,51
US,1374,14
US,2922,30
US,61627,553
US,28387,321
US,28360,440
US,5195,93
US,19153,273
US,9531,139
US,7305,113
US,7697,143
US,14037,263
US,12097,203
US,4502,108
US,35404,342
US,42180,202
US,7855,136
US,24459,346
US,1433,23
US,2926,48
US,14063,224
US,0,0
US,115797,947
US,11498,186
US,18222,261
US,7554,87
US,4345,60
US,2326,25
US,8175,102
US,13968,237
US,9713,173
US,13861,136
US,5647,45
US,5606,86
US,62042,539
US,24171,196
US,15809,209
US,111985,1047
US,751,18
US,27341,424
US,13333,87
US,1825,34
US,36835,227
US,503,7
US,31652,239
US,20465,253
US,13800,124
US,4899,34
US,549865,3512
US,52668,414
US,10399,93
US,4321,61
US,20865,298
US,2680,30
US,15817,183
US,10644,138
US,4853,79
US,2979,44
US,245455,1612
US,1994,3
US,28814,272
US,1798,17
US,205341,1448
US,154262,1686
US,10107,167
US,63339,525
US,3297,6
US,640,11
US,19032,175
US,49230,375
US,10115,102
US,83734,863
US,5974,77
US,45181,347
US,8730,103
US,4995,52
US,6303,112
US,34011,443
US,2265,15
US,2717,54
US,2506,20
US,16797,236
US,2538,23
US,4824,61
US,12903,184
US,7326,75
US,8411,152
US,5726,52
US,26120,290
US,8807,159
US,18459,152
US,59239,881
US,6972,96
US,7288,97
US,12944,205
US,20364,208
US,11225,171
US,8945,111
US,7475,88
US,23430,291
US,10268,167
US,10010,135
US,31434,218
US,5911,50
US,5229,79
US,9376,115
US,13888,199
US,2361,25
US,2504,39
US,2571,36
US,11090,145
US,20885,221
US,30655,424
US,12101,100
US,3046,34
US,4510,52
US,3878,66
US,5961,84
US,2444,39
US,2729,33
US,904,9
US,8979,106
US,11718,149
US,2863,38
US,5466,98
US,1742,28
US,28053,380
US,9709,136
US,5855,70
US,4171,43
US,16134,155
US,4388,49
US,103132,625
US,4194,14
US,5145,45
US,16917,138
US,22234,220
US,9070,133
US,19687,149
US,5361,32
US,179419,647
US,33020,378
US,8791,91
US,14473,95
US,15619,85
US,36682,215
US,1350,17
US,39260,317
US,3349,56
US,15513,163
US,11674,65
US,6385,72
US,6894,34
US,1818,50
US,6954,46
US,26944,270
US,9427,76
US,56650,720
US,6842,71
US,43695,222
US,4446,33
US,6762,108
US,9040,160
US,25188,220
US,49540,550
US,14581,149
US,4644,71
US,2411,16
US,341679,2501
US,14773,113
US,13380,135
US,10958,152
US,64645,451
US,27875,213
US,2307,20
US,13517,78
US,15166,132
US,22890,178
US,4090,42
US,71350,761
US,4995,57
US,55399,463
US,4189,62
US,20998,166
US,6060,71
US,14345,166
US,39446,362
US,30696,168
US,5796,83
US,9970,75
US,0,0
US,7686,119
US,6511,108
US,33399,312
US,5041,52
US,46894,371
US,139825,1248
US,16370,266
US,7659,94
US,63957,418
US,27057,268
US,11581,54
US,3086,66
US,13903,161
US,5023,55
US,3686,58
US,1579,32
US,16863,204
US,4604,65
US,1440,20
US,2377,21
US,31608,322
US,4908,38
US,25821,309
US,863,12
US,7713,153
US,2299,44
US,10008,90
US,2316,28
US,12507,139
US,12134,16
US,6406,43
US,0,0
US,2755,51
US,1905,23
Uganda,170544,3630
Ukraine,163768,2973
Ukraine,126202,2751
Ukraine,150465,3290
Ukraine,212928,5423
Ukraine,303551,9454
Ukraine,216052,5607
Ukraine,181629,3476
Ukraine,305661,6858
Ukraine,107686,2881
Ukraine,201270,3703
Ukraine,445098,8966
Ukraine,226220,5019
Ukraine,45117,1741
Ukraine,80033,2392
Ukraine,303357,6569
Ukraine,146174,3530
Ukraine,325462,5917
Ukraine,179994,4181
Ukraine,171031,2530
Ukraine,99770,2562
Ukraine,182268,3208
Ukraine,146363,2391
Ukraine,589607,5793
Ukraine,149845,3546
Ukraine,132045,2394
Ukraine,112462,2724
Ukraine,215070,5866
Ukraine,192801,3538
United Arab Emirates,1053213,2349
United Kingdom,3904,12
United Kingdom,18828,160
United Kingdom,7305,64
United Kingdom,31472,37
United Kingdom,0,0
United Kingdom,20656177,186138
United Kingdom,1930,0
United Kingdom,20433,111
United Kingdom,34991,66
United Kingdom,38008,116
United Kingdom,66391,161
United Kingdom,1403,8
United Kingdom,713294,5166
United Kingdom,4,0
United Kingdom,2166,0
United Kingdom,2157720,16806
United Kingdom,6561,38
United Kingdom,0,338
United Kingdom,898118,11500
Uruguay,1034303,7617
Uzbekistan,251247,1637
Vanuatu,12014,14
Venezuela,552162,5854
Vietnam,11526994,43186
West Bank and Gaza,703228,5708
Winter Olympics 2022,535,0
Yemen,11945,2159
Zambia,343135,4057
Zimbabwe,264276,5671
